{"slope": 0.4848780927389055, "intercept": 8.380674758772678}