{"param_slope": 0.49251931055067644, "param_intercept": 7.718333929973452}